{"RT":{"penalty":0.0,"FD2_up_bid_price":[45.624386,45.621345999999996,45.512266,44.987596,44.468102,43.90571,43.31442400000001,42.858216000000006,42.74320000000001,42.567468,42.389432000000006,42.294098,42.194723999999994,42.175349999999995,42.21271999999999,42.45885,42.708362,42.948156000000004,43.249294000000006,43.58008400000001,43.69195200000001,43.63669600000001,43.553810000000006,43.415274],"FD_a_up_t":[0.0005457791666666,0.0005823527777777,0.0234345319444439,0.0007700972222221,0.0,0.0005813868055554,0.0001685416666666,0.0150822180555547,0.0,0.0,0.0,7.10847222221996e-5,4.368611111109742e-5,0.0,0.0003466631944443,0.0,0.0002923687499999,0.0013029166666664,0.0001311409722221,2.9176388888877786e-5,0.0066751999999994,0.0,1.0204861111104474e-5,0.0],"R_FD1_t":[0.0,0.0,391.30509081829643,538.7607348487178,697.5145287553687,769.6377000247785,793.461559542867,832.4019229324105,0.0,0.0,0.0,0.0,0.0,0.0,0.0,0.0,0.0,0.0,0.0,0.0,0.0,0.0,0.0,0.0],"FD2_down_price_test":[33.8099,33.80735,32.63341,32.41335,32.77058,32.77197,23.09642,21.54041,21.16278,21.18743,21.08995,21.32654,20.74733,20.61055,20.44662,19.34738,19.29075,19.47671,21.14468,19.9628,20.82618,21.93193,23.55594,25.27604],"failure_up":[0.0,0.0,0.0,0.0,0.0,0.0,0.0,0.0,0.0,0.0,0.0,0.0,0.0,0.0,0.0,0.0,0.0,0.0,0.0,0.0,0.0,0.0,0.0,0.0],"R_FD2_t":[62.005558376574875,63.51274336842775,0.0,0.0,0.0,0.0,0.0,0.0,0.0,0.0,0.0,0.0,188.2499557265439,219.97689843597425,236.22502046633952,246.0884369113588,251.84558502052346,253.23807577829612,2.134046310826049,0.0,2.1126306437411313,2.1615820892807527,2.1820407005324287,2.3785982563398433],"R_DA_t":[0.0,0.0,0.0,0.0,0.0,0.0,0.0,0.0,0.0,0.0,0.0,0.0,-102.46694655889675,-55.56273900894286,-29.794428970826637,-18.95624930112842,-9.972837349782258,0.0,0.0,0.0,0.0,0.0,0.0,0.0],"C_Deg_t":[0.0,0.0,0.6389420230232121,0.0,0.046993523972557495,0.006147790093803223,0.0,0.21146288797490007,0.0,0.0,0.0,0.0,57.26302407379859,29.18458296282645,15.104438421916779,7.594394285260159,3.9021330849625433,0.2858977978072028,0.0,0.0,0.0,0.0,2.174999329150465e-5,0.005005627598344175],"revenue_t":[62.005558376574875,63.51274336842775,390.6661487952732,538.7607348487178,697.4675352313961,769.6315522346847,793.461559542867,832.1904600444356,0.0,0.0,0.0,0.0,28.51998509384856,135.22957646420494,191.32615307359612,219.5377933249702,237.97061458577866,252.95217798048893,2.134046310826049,0.0,2.1126306437411313,2.1615820892807527,2.1820189505391374,2.3735926287414992],"FD1_up_bid_price":[48.354094,46.857001999999994,45.879498000000005,47.50453000000001,53.42335800000001,59.361842,65.369218,70.959862,72.64783600000001,71.38759399999999,72.26519200000003,62.436664,48.87337000000001,40.015636,32.16896199999999,16.938192,11.586084000000001,19.094999999999995,23.703162,27.635372,37.003820000000005,45.626404,45.353570000000005,44.48499400000001],"revenue":5224.196463588392,"acceptance_FD2_down":[1,1,1,1,1,1,0,0,0,0,0,0,0,0,0,0,0,0,1,0,1,1,1,1],"C_Deg":114.24304422922782,"acceptance_FD2_up":[0,0,0,0,0,0,0,0,0,0,0,0,1,1,1,1,1,1,0,0,0,0,0,0],"penalty_t":[0.0,0.0,0.0,0.0,0.0,0.0,0.0,0.0,0.0,0.0,0.0,0.0,0.0,0.0,0.0,0.0,0.0,0.0,0.0,0.0,0.0,0.0,0.0,0.0],"R_FD1":4023.0815369224383,"failure_dn":[0.0,0.0,0.0,0.0,0.0,0.0,0.0,0.0,0.0,0.0,0.0,0.0,0.0,0.0,0.0,0.0,0.0,0.0,0.0,0.0,0.0,0.0,0.0,0.0],"FD_a_dn_t":[0.0,0.0,0.0057898111111107,0.0,0.0004259951388888,5.552013888888041e-5,0.0,0.0018956645833332,0.0,0.0,6.412499999996059e-6,7.248958333331403e-5,0.0,0.0001145013888888,0.0,0.0002008854166666,0.0097710076388882,0.0,0.0,0.0,0.0,0.0,5.315277777773433e-6,0.0011389169308636],"DA_price":[19.879999,5.55,4.69,0.1,2.73,24.940001,36.009998,59.98,65.18,65.029999,66.300003,66.720001,66.599998,70.849998,73.760002,92.889999,96.699997,109.940002,116.620003,98.370003,74.080002,74.5,66.839996,42.490002],"FD2_up_price_test":[42.97122,42.91595,42.91866,42.64107,42.84418,42.39614,42.03729,42.02848,42.1644,42.34731,42.29927,42.22414,43.25913,43.41196,43.54628,43.80496,43.87809,43.81847,43.13568,43.13185,43.11228,43.25853,43.18063,43.11566],"p_all_dn":[0.0,0.0,0.017169267413291688,0.0,0.0012627818341954028,0.00016519973380661252,0.0,0.005682304091456048,0.0,0.0,0.0,0.0,1.538542787327062,0.784230636237179,0.4039374750942474,0.20407201534288336,0.1031317234661575,0.0,0.0,0.0,0.0,0.0,5.84452794781315e-7,0.00013450822721078397],"SOC":[3.0,3.0,3.0168258820650258,3.0168258820650258,3.0180634082625373,3.0182253040016676,3.0182253040016676,3.0237939620112946,3.0237939620112946,3.0237939620112946,3.0237939620112946,3.0237939620112946,4.5313768369877705,5.299922860500206,5.69389983564871,5.893890410684736,5.9932871614748535,5.9858351612940055,5.9858351612940055,5.9858351612940055,5.9858351612940055,5.9858351612940055,5.985835734057744,5.98596755212041],"FD2_dn_bid_price":[20.783202,21.405352,22.315318,24.949526,27.527146000000002,29.659946000000005,31.56455,33.086918,32.879332,30.737146,28.518546000000004,26.268432000000004,23.951802000000004,21.615398000000006,21.261422,21.102806,20.99236,20.844198,20.495683999999997,20.088526,19.834402,19.941228000000002,19.844464000000002,20.140224000000003],"p_all_up":[0.0,0.0,0.0,0.0,0.0,0.0,0.0,0.0,0.0,0.0,0.0,0.0,0.00019490371551023698,0.0,0.0019399489111938634,0.0,0.0017240600069242642,0.007682474413245373,0.0,0.0,0.0,0.0,0.0,0.0],"p_ch_max":6,"p_dis_max":6,"FD1_dn_bid_price":[43.765652,90.892622,131.955692,181.71942800000002,235.30414400000004,258.658964,265.671856,277.696304,283.69149200000004,286.91953399999994,288.43403800000004,238.90947000000003,188.532836,136.80594000000002,81.66620200000001,27.402203999999998,23.703854,21.456388,19.245988,18.812203999999998,18.469578000000002,16.583536000000002,14.475616000000002,12.862458],"acceptance_FD1_up":[1,1,1,1,1,1,1,1,0,0,0,0,0,0,1,1,1,1,1,1,1,0,1,1],"FD1_down_price_test":[258.25397,279.58665,283.41468,284.47964,282.74658,288.22991,295.72686,290.9872,36.8568,30.86341,29.59543,20.02817,19.66721,18.36505,19.62608,18.54343,17.85925,17.95408,8.93484,9.08648,10.47764,36.68499,82.16957,75.81016],"FD1_up_price_test":[59.90791,72.17589,71.76586,75.90318,75.04647,68.34778,65.87468,76.15385,26.76054,7.23,24.05911,26.64131,0.0,0.0,44.77458,47.09992,46.30236,46.84224,43.11292,43.41041,42.75704,44.86219,46.18232,46.41432],"R_FD2":1532.1111720847591,"acceptance_FD1_down":[1,1,1,1,1,1,1,1,0,0,0,0,0,0,0,0,0,0,0,0,0,1,1,1],"R_DA":-216.7532011895769},"Bid":{"b_FD1_up":[0.0,0.0,0.0,0.0,0.0,0.0,0.0,0.0,0.0,0.0,0.0,0.0,0.0,0.0,0.0,0.0,0.0,0.0,0.0,0.0,0.0,0.0,0.0,0.0],"f_lambda_FD1_up":[48.354094,46.857001999999994,45.879498000000005,47.50453000000001,53.42335800000001,59.361842,65.369218,70.959862,72.64783600000001,71.38759399999999,72.26519200000003,62.436664,48.87337000000001,40.015636,32.16896199999999,16.938192,11.586084000000001,19.094999999999995,23.703162,27.635372,37.003820000000005,45.626404,45.353570000000005,44.48499400000001],"f_lambda_FD1_dn":[43.765652,90.892622,131.955692,181.71942800000002,235.30414400000004,258.658964,265.671856,277.696304,283.69149200000004,286.91953399999994,288.43403800000004,238.90947000000003,188.532836,136.80594000000002,81.66620200000001,27.402203999999998,23.703854,21.456388,19.245988,18.812203999999998,18.469578000000002,16.583536000000002,14.475616000000002,12.862458],"f_a_dn_t":[0.0069536251388884,0.0069543679166661765,0.0033612616666664373,0.0017204776388887774,0.0017204763888887772,0.0011587049999999173,0.00115796222222214,0.0012431612499999,0.0012542652777776761,0.0012542652777776761,0.000475435972222176,0.000475435972222176,0.00039023694444441603,0.0003804154166666392,0.00039491333333330203,1.5780416666662017e-5,3.868069444442201e-5,3.868069444442201e-5,7.75752777777428e-5,0.0020172788888887195,0.0020172788888887195,0.00199437861111096,0.00199437861111096,0.0019542015277776398],