{"m3_d0_t1":{"sto":3869.7747816824763,"det":4645.776806366315,"learn":3949.99590258445,"rule":5385.1806216689665},"m7_d0_t1":{"sto":4249.098010417071,"det":4645.776806366315,"learn":4074.0939155825413,"rule":5385.1806216689665},"m11_d0_t1":{"sto":2999.1417500323205,"det":4645.776806366315,"learn":4098.582607754571,"rule":5385.1806216689665},"m1_d0_t1":{"sto":3371.2109534224887,"det":4645.776806366315,"learn":3771.0440723645693,"rule":5385.1806216689665},"m8_d0_t1":{"sto":4292.581182771755,"det":4645.776806366315,"learn":4077.4000620785523,"rule":5385.1806216689665},"m6_d0_t1":{"sto":3526.981679040799,"det":4645.776806366315,"learn":4033.4261168140574,"rule":5385.1806216689665},"m10_d0_t1":{"sto":1772.65415412112,"det":4645.776806366315,"learn":4083.886773845203,"rule":5385.1806216689665},"m2_d0_t1":{"sto":4220.226731047784,"det":4645.776806366315,"learn":3893.9852396770534,"rule":5385.1806216689665},"m4_d0_t1":{"sto":2943.8713344256294,"det":4645.776806366315,"learn":3945.8654642967645,"rule":5385.1806216689665},"m9_d0_t1":{"sto":3073.53126634688,"det":4645.776806366315,"learn":4080.0672452037456,"rule":5385.1806216689665},"m12_d0_t1":{"sto":4395.054739663349,"det":4645.776806366315,"learn":4110.605112105738,"rule":5385.1806216689665},"m5_d0_t1":{"sto":2980.5166925109406,"det":4645.776806366315,"learn":3991.296267480305,"rule":5385.1806216689665}}