{"m3_d0_t1":{"sto":2109.6220917546134,"det":3491.090965671714,"learn":2083.633902405207,"rule":2798.3555859719327},"m7_d0_t1":{"sto":2374.8068320663215,"det":3491.090965671714,"learn":2077.4539241018965,"rule":2798.3555859719327},"m11_d0_t1":{"sto":2432.075495564813,"det":3491.090965671714,"learn":2072.5138185234578,"rule":2798.3555859719327},"m1_d0_t1":{"sto":2469.7726131530853,"det":3491.090965671714,"learn":2106.7429434055653,"rule":2798.3555859719327},"m8_d0_t1":{"sto":2505.74254329707,"det":3491.090965671714,"learn":2076.363633394004,"rule":2798.3555859719327},"m6_d0_t1":{"sto":2186.4814102725445,"det":3491.090965671714,"learn":2081.008121283918,"rule":2798.3555859719327},"m10_d0_t1":{"sto":2950.936035270559,"det":3491.090965671714,"learn":2076.212279855408,"rule":2798.3555859719327},"m2_d0_t1":{"sto":2139.430739199147,"det":3491.090965671714,"learn":2090.36344229849,"rule":2798.3555859719327},"m4_d0_t1":{"sto":2502.505543706404,"det":3491.090965671714,"learn":2081.342245038393,"rule":2798.3555859719327},"m9_d0_t1":{"sto":2523.258094236612,"det":3491.090965671714,"learn":2076.307664158413,"rule":2798.3555859719327},"m12_d0_t1":{"sto":2127.592645148498,"det":3491.090965671714,"learn":2068.7497396340445,"rule":2798.3555859719327},"m5_d0_t1":{"sto":2525.4758170699547,"det":3491.090965671714,"learn":2082.81499284981,"rule":2798.3555859719327}}