{"RT":{"penalty":0.0,"FD2_up_bid_price":[45.624386,45.621345999999996,45.512266,44.987596,44.468102,43.90571,43.31442400000001,42.858216000000006,42.74320000000001,42.567468,42.389432000000006,42.294098,42.194723999999994,42.175349999999995,42.21271999999999,42.45885,42.708362,42.948156000000004,43.249294000000006,43.58008400000001,43.69195200000001,43.63669600000001,43.553810000000006,43.415274],"FD_a_up_t":[0.0005457791666666,0.0005823527777777,0.0234345319444439,0.0007700972222221,0.0,0.0005813868055554,0.0001685416666666,0.0150822180555547,0.0,0.0,0.0,7.10847222221996e-5,4.368611111109742e-5,0.0,0.0003466631944443,0.0,0.0002923687499999,0.0013029166666664,0.0001311409722221,2.9176388888877786e-5,0.0066751999999994,0.0,1.0204861111104474e-5,0.0],"R_FD1_t":[0.0,0.0,0.0,0.0,0.0,0.0,0.0,0.0,0.0,0.0,0.0,0.0,0.0,0.0,0.0,0.0,0.0,0.0,0.0,0.0,0.0,0.0,0.0,0.0],"FD2_down_price_test":[33.8099,33.80735,32.63341,32.41335,32.77058,32.77197,23.09642,21.54041,21.16278,21.18743,21.08995,21.32654,20.74733,20.61055,20.44662,19.34738,19.29075,19.47671,21.14468,19.9628,20.82618,21.93193,23.55594,25.27604],"failure_up":[0.0,0.0,0.0,0.0,0.0,0.0,0.0,0.0,0.0,0.0,0.0,0.0,0.0,0.0,0.0,0.0,0.0,0.0,0.0,0.0,0.0,0.0,0.0,0.0],"R_FD2_t":[62.349605999999994,64.21605600000001,133.891908,149.697156,165.162876,177.95967600000003,0.0,0.0,0.0,0.0,0.0,0.0,0.0,0.0,0.0,0.0,0.0,0.0,122.97410399999998,0.0,119.00641200000001,119.64736800000001,119.06678400000001,120.84134400000002],"R_DA_t":[0.0,0.0,0.0,0.0,0.0,0.0,0.0,0.0,0.0,0.0,0.0,0.0,0.0,0.0,0.0,0.0,0.0,0.0,0.0,0.0,0.0,0.0,0.0,0.0],"C_Deg_t":[0.0,0.0,1.292782109523718,0.0,0.09511862886902778,0.012396853869045727,0.0,0.0,0.0,0.0,0.0,0.0,0.0,0.0,0.0,0.0,0.0,0.0,0.0,0.0,0.0,0.0,0.0011868255952371255,0.25430388041997243],"revenue_t":[62.349605999999994,64.21605600000001,132.59912589047627,149.697156,165.067757371131,177.947279146131,0.0,0.0,0.0,0.0,0.0,0.0,0.0,0.0,0.0,0.0,0.0,0.0,122.97410399999998,0.0,119.00641200000001,119.64736800000001,119.06559717440477,120.58704011958005],"FD1_up_bid_price":[0.0,0.0,0.0,0.0,0.0,0.0,0.0,0.0,0.0,0.0,0.0,0.0,0.0,0.0,0.0,0.0,0.0,0.0,0.0,0.0,0.0,0.0,0.0,0.0],"revenue":1353.157501701723,"acceptance_FD2_down":[1,1,1,1,1,1,0,0,0,0,0,0,0,0,0,0,0,0,1,0,1,1,1,1],"C_Deg":1.6557882982770011,"acceptance_FD2_up":[0,0,0,0,0,0,0,0,0,0,0,0,1,1,1,1,1,1,0,0,0,0,0,0],"penalty_t":[0.0,0.0,0.0,0.0,0.0,0.0,0.0,0.0,0.0,0.0,0.0,0.0,0.0,0.0,0.0,0.0,0.0,0.0,0.0,0.0,0.0,0.0,0.0,0.0],"R_FD1":0.0,"failure_dn":[0.0,0.0,0.0,0.0,0.0,0.0,0.0,0.0,0.0,0.0,0.0,0.0,0.0,0.0,0.0,0.0,0.0,0.0,0.0,0.0,0.0,0.0,0.0,0.0],"FD_a_dn_t":[0.0,0.0,0.0057898111111107,0.0,0.0004259951388888,5.552013888888041e-5,0.0,0.0018956645833332,0.0,0.0,6.412499999996059e-6,7.248958333331403e-5,0.0,0.0001145013888888,0.0,0.0002008854166666,0.0097710076388882,0.0,0.0,0.0,0.0,0.0,5.315277777773433e-6,0.0011389169308636],"DA_price":[19.879999,5.55,4.69,0.1,2.73,24.940001,36.009998,59.98,65.18,65.029999,66.300003,66.720001,66.599998,70.849998,73.760002,92.889999,96.699997,109.940002,116.620003,98.370003,74.080002,74.5,66.839996,42.490002],"FD2_up_price_test":[42.97122,42.91595,42.91866,42.64107,42.84418,42.39614,42.03729,42.02848,42.1644,42.34731,42.29927,42.22414,43.25913,43.41196,43.54628,43.80496,43.87809,43.81847,43.13568,43.13185,43.11228,43.25853,43.18063,43.11566],"p_all_dn":[0.0,0.0,0.0347388666666642,0.0,0.0025559708333328,0.00033312083333328243,0.0,0.0,0.0,0.0,0.0,0.0,0.0,0.0,0.0,0.0,0.0,0.0,0.0,0.0,0.0,0.0,3.18916666666406e-5,0.0068335015851816],"SOC":[3.0,3.0,3.0340440893333307,3.0340440893333307,3.036548940749997,3.0368753991666635,3.0368753991666635,3.0368753991666635,3.0368753991666635,3.0368753991666635,3.0368753991666635,3.0368753991666635,3.0368753991666635,3.0368753991666635,3.0368753991666635,3.0368753991666635,3.0368753991666635,3.0368753991666635,3.0368753991666635,3.0368753991666635,3.0368753991666635,3.0368753991666635,3.036906652999997,3.0436034845534747],"FD2_dn_bid_price":[20.783202,21.405352,22.315318,24.949526,27.527146000000002,29.659946000000005,31.56455,33.086918,32.879332,30.737146,28.518546000000004,26.268432000000004,23.951802000000004,21.615398000000006,21.261422,21.102806,20.99236,20.844198,20.495683999999997,20.088526,19.834402,19.941228000000002,19.844464000000002,20.140224000000003],"p_all_up":[0.0,0.0,0.0,0.0,0.0,0.0,0.0,0.0,0.0,0.0,0.0,0.0,0.0,0.0,0.0,0.0,0.0,0.0,0.0,0.0,0.0,0.0,0.0,0.0],"p_ch_max":6,"p_dis_max":6,"FD1_dn_bid_price":[0.0,0.0,0.0,0.0,0.0,0.0,0.0,0.0,0.0,0.0,0.0,0.0,0.0,0.0,0.0,0.0,0.0,0.0,0.0,0.0,0.0,0.0,0.0,0.0],"acceptance_FD1_up":[1,1,1,1,1,1,1,1,1,1,1,1,1,1,1,1,1,1,1,1,1,1,1,1],"FD1_down_price_test":[258.25397,279.58665,283.41468,284.47964,282.74658,288.22991,295.72686,290.9872,36.8568,30.86341,29.59543,20.02817,19.66721,18.36505,19.62608,18.54343,17.85925,17.95408,8.93484,9.08648,10.47764,36.68499,82.16957,75.81016],"FD1_up_price_test":[59.90791,72.17589,71.76586,75.90318,75.04647,68.34778,65.87468,76.15385,26.76054,7.23,24.05911,26.64131,0.0,0.0,44.77458,47.09992,46.30236,46.84224,43.11292,43.41041,42.75704,44.86219,46.18232,46.41432],"R_FD2":1354.81329,"acceptance_FD1_down":[1,1,1,1,1,1,1,1,1,1,1,1,1,1,1,1,1,1,1,1,1,1,1,1],"R_DA":0.0},"Bid":{"b_FD2_dn":[3.0,3.0,6.0,6.0,6.0,6.0,6.0,6.0,6.0,6.0,6.0,6.0,6.0,6.0,6.0,6.0,6.0,6.0,6.0,6.0,6.0,6.0,6.0,6.0],"b_FD1_up":[0.0,0.0,0.0,0.0,0.0,0.0,0.0,0.0,0.0,0.0,0.0,0.0,0.0,0.0,0.0,0.0,0.0,0.0,0.0,0.0,0.0,0.0,0.0,0.0],"f_lambda_FD1_up":[0.0,0.0,0.0,0.0,0.0,0.0,0.0,0.0,0.0,0.0,0.0,0.0,0.0,0.0,0.0,0.0,0.0,0.0,0.0,0.0,0.0,0.0,0.0,0.0],"f_lambda_FD1_dn":[0.0,0.0,0.0,0.0,0.0,0.0,0.0,0.0,0.0,0.0,0.0,0.0,0.0,0.0,0.0,0.0,0.0,0.0,0.0,0.0,0.0,0.0,0.0,0.0],"b_DA_dn":[0.0,0.0,0.0,0.0,0.0,0.0,0.0,0.0,0.0,0.0,0.0,0.0,0.0,0.0,0.0,0.0,0.0,0.0,0.0,0.0,0.0,0.0,0.0,0.0],"obj_t":[199.22276399999998,201.080094,133.891908,149.697156,165.162876,177.95967600000003,189.3873,198.52150799999998,197.27599199999997,184.422876,171.11127600000003,157.61059200000003,143.71081200000003,129.69238800000005,127.568532,126.616836,125.95416,125.06518799999999,122.97410399999998,120.53115600000001,119.00641200000001,119.64736800000001,119.06678400000001,120.84134400000002],"Threshold_Min":[-8.56330612300267,-8.56330612300267,-8.56330612300267,-8.56330612300267,-8.56330612300267,-8.56330612300267,-8.56330612300267,-8.56330612300267,-8.56330612300267,-8.56330612300267,-8.56330612300267,-8.56330612300267,-8.56330612300267,-8.56330612300267,-8.56330612300267,-8.56330612300267,-8.56330612300267,-8.56330612300267,-8.56330612300267,-8.56330612300267,-8.56330612300267,-8.56330612300267,-8.56330612300267,-8.56330612300267],"f_DA_t":[19.102498742266093,8.838020879718584,-0.2591918990705224,-6.397389979803897,-7.784823748184245,-2.681091480675825,8.658059292897832,23.383812559250025,38.47405317377339,50.906665991860635,58.179856173050524,61.63732112471173,64.34631926169692,69.38223900361103,79.80951583544417,96.3705631038437,114.62705608264507,129.43968223033494,135.6691290054,128.56722540855287,109.2384368501085,83.29259983787264,56.455444669940306,34.45270164440646],"SOC":[0.5,0.0,0.0,0.0,0.0,0.0,0.0,0.0,0.0,0.0,0.0,0.0,0.0,0.0,0.0,0.0,0.0,0.0,0.0,0.0,0.0,0.0,0.0,0.0],"Threshold_Max":[122.10221610486,122.10221610486,122.10221610486,122.10221610486,122.10221610486,122.10221610486,122.10221610486,122.10221610486,122.10221610486,122.10221610486,122.10221610486,122.10221610486,122.10221610486,122.10221610486,122.10221610486,122.10221610486,122.10221610486,122.10221610486,122.10221610486,122.10221610486,122.10221610486,122.10221610486,122.10221610486,122.10221610486],"b_FD2_up":[3.0,3.0,0.0,0.0,0.0,0.0,0.0,0.0,0.0,0.0,0.0,0.0,0.0,0.0,0.0,0.0,0.0,0.0,0.0,0.0,0.0,0.0,0.0,0.0],"b_DA_up":[0.0,0.0,0.0,0.0,0.0,0.0,0.0,0.0,0.0,0.0,0.0,0.0,0.0,0.0,0.0,0.0,0.0,0.0,0.0,0.0,0.0,0.0,0.0,0.0],